7LID:		--MNEVIAIYEAVAMIFLITAPMSSDIMFCVLMIFIVEHLKCLGMAIECTLK
AgOR28:		TTSFAWTYFFILLGVYLLALTLSGFDSLFATLVMHVKMMFKVLKFE------
ApOR5:		LAIYACKYLVYAISVYIAHVELCFINTTFIYYVGVLKHRLETIVQTIGEAFA
AaOR10:		SPHYEIIYIVQVVLTFPGCCMYIPFTSFFASTTLFGLVQIKTLQRQLQTFK-
BdOR2a:		--KFWIAYGYQTIGFLVQCTQACSVDTYPQAYMRVLTAHIRALSLRIERIGR
BmOR2a:		--KFWIAYGYQTIGFLVQCTQACSVDTYPQAYMRVLTAHIRALSLRVERIGR	
BdOR7a1:		--RHCLHFLSEVVMIHFLLQASVSSDTFPAIYIRALRTHIKLLTGRVSRLGT
BmOR7a1:		--EYWTIVLWDTLVMFILLCHQLGNDTYPPIFIKVISTHMQLLVTRVNRLGR
BdOR7a2:		--HFWLHFVIEVVYLHYLLIAQCMNDLYPALYIKALRTHIILLADRVSRLGE
BdOR7a3:		--HFYSCVAFETWYLYFLLTAQYLXDVYPTLYMRTIRAXMQLLRERIGRIGV	
BdOR7a4:		--RYWVHFIFEVSHMAFLLTLQASMDAFPAIYIRNLRTHLKLLTERVSHLGE
BmOR7a4:		--RYWAHFMFEVFHMAFLLSVQFTMDVFPAIYIRNLRTHLNLLTERVSQLGG
BmOR7a4-2:		--EFWLQVSFDGAMLFFLLFHQIVNDSYPAIYIYIIRTQVQLLTNRVKRLET
BdOR7a5:		--RFWLHFIFEVVFLHELLQMSLTMDSFPALYIRALRTHMNLLSDRVSRLGL
BmOR7a5:		--KFWLHFTFEVMFLQYLVQVNLTNDSFPAIYIRAIRTHVSLLTDRVSRLGS
BdOR7a6:		--EYWTIVLWDAFVMFFLLCHQLGSDTYPPIFINIIRTHVQLLIARVNRLGR
BdOR7a7:		--EYWLQVSFDAAVLFFLLYHQVLNDSYPAVYIYIIRTQVQLLTSRVEKLGY
BmOR7a7:		--EYWLQVSFDAAVLFFILYHQVLNDSYPAVYIYIIRTQIQLLTSRVEKLGY
BdOR7a8:		--HFFGQIVYDLFLMGFVLFHQVLYDSYGSVYIYVISTHLQLLVRRVGRLGT
BmOR7a8:		--HICVQIVYDLFTMFFVLFHQSLYDSYGSVYIYVISTHLQLLVRRVGRLGT
BdOR7a9:		--QYWLHSIVEMVNLQYLLHLQSINDSFPAVYIRNIRTHIRLLTDRVSRLGL
BmOR7a9:		--QYWLHYIVEMVNLQYLLHLQSINDSFPAVYIRNIRTHIRLLTDRVSRLGL
BmOR7a9-2:		--YFYTCLLLEACYGYFLLAAQYLHDIYPTLYMRTLRTQIQLLRARISRLGE
BdOR7a10:		--LTVTLIYQNFAVMTFFVLQNVNNDMYPQCYLAVMIGHRALTARISRIGKD
BdOR7a11:		--EYWLQSSFDGAMLFFLLFHQILNDSYPAVYIYIIRTQVQLLANRVRRLGT
BdOR7a12:		--LEFITASLMEFALMDVACFQQVVDDSYAVIYVCILRTHMRILLMRLKRLA
BmOR7a12:		--LEFIAASLMEFALMDVACFQQVVDDSYAVIYVCILRTHMNILLMRLGRLA
BdOR7a13:		--HFWLHFVIELVYIHYLLIVQCMNDLYPAVYIKALRTHITLLADRVSRLGE
BdOR7a14:		--QYWLHFVIEVVYVYFLLINQGMNDVYPAVYIKALRTHIILLADRVSRLGE
BdOR7a15:		--RFWLHFIFEVVFLHQLLQMSLTMDSLPALYIHALRTHMNLLTDRVSRLGL
BdOR7a16:		--QYWLHYIVEMVNLQYLLHVQSVNDAFPAVYIRNIRTHIRLLTDRVSRLGL
BdOR7a17:		--RYWAHFIFEVFHVTFLLTVQASMDAFPAVYIRSLRTHLKLLTERVSHLGE
BdOR7a18:		--HFWLHFVIEVVYLHYLLIAQCMNDLYPALYIKALRTHIILLADRVSRLGE
BmOR7a18:		--LTVTLIYQNFAVMTFFVLQNVNNDMYPQCYLAILIGHLRALTARISRIGK
BdOR7a19:		--RYWVHFIFEVFHMASLLTLQASMDAFPAVYIRTLRTHLNLLTERVSHLGE
BdOR10a:		--YFPLTYIFTAYTGYITIFMYGGCDAFYFEFCSNTAALLELLQNDLKSIIK
BmOR10a:		--YFPLTYIFTSYTGYITIFMYGGCDAFYFEFCSNIAALLELLQNDLKSIIS	
BdOR13a1:		--RYALTYLFTAWAGVCVVTTLFAEDSLFGFFVSYTCGQFRILHTQIDNIIP
BmOR13a1:		--RYALTYLFTAYAGICVVTTLFAEDSLFGFFAAYTCGQFRILHTQIDNIIP
BdOR13a2:		--QFIITAIYSGWLTISCVTIWTAEDYTLCLVLCHASFRYKKLRLDLQQLLE
BmOR13a2:		--QFIITAIYSGWLTISTVTLWTAEDYTLCLVLCHASFRYKKLRLDLQQLLE	
BdOR22c:		--YYPATYLVLTLSGAMTVFTFSAVDGFFLCACVYTSALFRMLQHDIRNAFA
BdOR24a:		--IFPLTFIFSHWHGYITVAGFAGTDGLFLCFCMYIGTLLKALQYDTKDLLS
BmOR24a:		--LFPLTFILSLWHGYITIAGFAGTDGLFLCFCMYIGTLLKALQYDMKDLLS
BdOR33b1:		--TYYAAVLYQTVGVSLQITQNLAHDTFAPVSLCVMAGQVRLLGMRVSKVGY
BmOR33b1:		--TYYAAVIYQIVGVSLQITQNLAHDTFAPVSLCVMSGQVRLLAMRVSKVGY	
BdOR33b2:		--AYAACVIYQFYGVSMEIVKNLGNDLYGPLIYCMLSGHVHLLANRVSRVAH
BdOR33b3:		--KYLAVFIFQFYGLNMQIVQNLTNDVYGPMILCMLSGHIHLLSRRISRIGH
BmOR33b3:		--KYAVGILFQFAGVTLQIVQNIANDAYGPVVICMLSGHVHLLANRVSRVGH
BdOR33b4:		--AYVGACAIQLIGLGIETTTAICCDTYAVTYLILLVAHLRVLNGRIERVGS
BmOR33ab1:		--NYCAAVIYQIAGVTIQIVQNLANDIYPPMSLCIIAGHVHLLALRVAKVGE
BdOR42a:		--EFIIASLLEFIIMDFACLQQTVNDGYPVIYINMLRCHMKILQFRVEKLGT
BmOR42a:		--EFIIASFLEFIIMDFACLQQTVNDSYPVIYINMLRCHMTILQLRVEKLGT
BdOR43a1:		--LYELIYIGQLSFPFTLSSMYMPYVSSFATFSMFGKAALQILQNNLRNLCD
BmOR43a1:		--LYEIIYIGQLSFPFTLSSMYMPYVSLFATFAMFGKATLQILQNDLKNLCD
BdOR43a2:		--LWEMMSILQGLWTAPIVIVSYVSYLCLTLIAIAFGIFLMKNLQSKLEGMN
BmOR43a2:		--FYEMMTALQILVLVPLTLPSYVSYLCLKLTCISFGTFLIKDLQYKLESTT	
BdOR43a3:		--YYEFLFLLQALVLVPAFVFVYLPYTNILLTSLKFGEVILIDLRTKLRNIS
BmOR43a3:		--FYEFFFLLQALILVPVFIFVYLPFANFLLMSLKFGEVILMDLCTKLRNIS
BmOR43a3-2:		--FYEFFFLLQALILVPVFIFVYLPFANFLLMSLKFGEVILMDLCTKLRNIS
BdOR43a4:		--FYEIFFLLQVTWLTPATLALSLPFTNIFLISLMFGELVLKDLCVKLRNIR
BmOR43a4:		--YFQLFFLVQSVVLAPMFMLFYLSFTNIFLTSLMFGELVLKDLCSKLRNIH
BdOR43a5:		--FYEIFFLIGVTWLTPAFLVISLPFTNIFLISLMFGELVLKDLCVKLRNIR	
BmOR43a6:		--FFEFLFLLQVMCLAPIILVLTLPFTNIYLISLMFGELVLKDLCVKLRNIR
BdOR43b:		--RYWVHFIFEVSHMAFLLTLQASMDAFPAIYIRNLRTHLKLLTERVSHLGE
BdOR45a1:		--NYFLIWLWTAVAIYGVIYGSVSVDSLYSWYIHNLVGNFKILQSKLVTAES
BmOR45a1:		--NYFLIWLWSAVSIYGVIYGSVSVDSLYSWYIHNLVGNFKILQSKLVSAES
BdOR45a2:		--FYTVSYIWCISFIIYAVHAIAAMDSLFCWFIFNISAHFRALQRAVETVGA
BmOR45a2:		--FYTVSYLWCISFIIYAIHAITAMDSLFCWFIFNISAHFRTLQHELQNVAK
BdOR46a:		--CYLIAYLFQFIGLSLCCLLNISFDSLSASFFIYLKGQLDILANRLENIGK	
BmOR46a:		--RYLIAYLFQFIGLSLCCLLNISFDSLSASFFIYLKGQLDILAYRLENIGT
BdOR47b:		--AFVCVYFFQCFCTLYMLVAIVVMDSLGGNSFNQTTLNLRILCENIRHLGI	
BdOR49a:		--YYILIYISEYLNGHFCTTTNLGTDLYVCTFAGQFCMQLEYLGSSLEAYEP
BmOR49a:		--YYILIYISEYLNGHFCTTTNLGTDLYVCTFAGQFCMQLEYLGYSLEIYEP
BdOR49b:		--FYEFWYIYQMVITPMGCCMYIPYTSLIVAFIMFGIVMCKALQFRLKTLHR
BdOR59a1:		--KFYAANFYQIVGVTYQLLQNFINNCLPTIALALLSAHIKLLGIRVSQIGY
BmOR59a1:		--GYVTAHVFQIIGLMVQLAENLVSDTYGGMCLTLLAGHANLLGQRVASIGY	
BdOR59a2:		--KFYAAHSYQIVGISYQLLQNFVNDCLPTMALALLSAHIKLLGIRVSRIGY
BdOR59a3:		--GYVTAHIFQFIGLLTQISQNLMSDTYGAVCLALLAGHTHLLGQRLARIGY
BdOR59a4:		--GYAIAHLYQCIGVTVQIFQNLINDTFPPMALAMLAGHVRLLNVRVARVGN
BdOR59a5:		--NFYVANVYQIVGICYQIFQNFIDDTFPPITCCLLSGHIKLLGIRVSRIGY
BdOR59a6:		--KFYAAHSYQIVGISYQLLQNFVNDCLPTMALALLSAHIKLLGMRVSKIGY
BdOR59a7:		--KFYAAHSYQIVGISYQLLQNFVNDCLPTMALALLSAHIKLLGIRVSRIGY
BmOR59a7:		--GYPIAHIYQCFGVTAQIFQNLINDTLPPMALAMLAGHVRLLNVRVARIGH
BdOR63a1:		--YYPIQMYMTGAALYVSGLGAVSFEGVFMVLCQHAVALVKVHNLLVQHATS
BdOR63a2:		--YYAMDMFFGACSLLVAGMSAISFQGCFLVLCKHSCGLVQVLCLLLKRSTS
BmOR63a2:		--YYAMDMFFGACSLFAAGMSALSFQGSFMVLCKHSCGLVQVVCLLLLRSTS
BdOR63a3:		--PYYAVEMFIGGCSLLTCGMCSVSFHCIFMILCKHACGLVKVLCVLLMRST
BmOR63a3:		--YYHLQMYVTGSALYVSGLGAVSFEGVFMVLCQHAVGLVKVHNLLVLRATS	
BmOR63a3-2:		--YYHLQMYMTGSALYVSGLGAVSFEGVFMVLCQHAVGLVKVHNLLVLRATS
BdOR63a4:		--YYPLQMYITGCANYIAGMSAMSFEGVFIVLCQHAVGLVKVHNLLVLRSTS
BdOR63a5:		--YYAMDMFFGACSLLVAGMSAISFQGCFLVLCKHSCGLVQVLCLLLKRSTS 
BdOR63a6:		--YYAMDMFFGACSLLVAGMSAISFQGCFLVLCKHSCGLVQVLCLLLKRSTS
BdOR67c1:		--TYAVSYFIQCCGAFYMSLLFLSGDLLLISMVQLVNMHFGYLIYKIESFQP	
BdOR67c2:		--AYAVSYFLQCCGAFHVSLLFLSGDLLLISMVHLVNMHFGYLIYKIESFQP
BdOR67c3:		--VYWLTYMGQVHGAYLAGVAFLSADLILVASVTQLCMHFDNISRCLEEFSG
BmOR67c3:		--VYWLTYMGQVHGAYLAGVAFLSADLILVASVTQLCMHFDNISRCLEEFSG
BdOR67d1:		--GYFITIGYNILCVFVAAFGLYGADLYVFLFLTHSIFFYDIFALKVEDLHE	
BmOR67d1:		--GYFITIGYNVLCVFVAAFGLYGADLYVFLFLTHSIFFYDIFALKVGDLHK
BdOR67d2:		--GYWVNNAFNLLCVMIAAFGLYAGDLYLLLFLTHSIFFYDILVLKINDLHK
BmOR67d2:		--GYWVNNAFNVICVFIAAFGLYAGDLYLLLFLTHSIFFYDILALKINDLHK
BdOR67d3:		--GYLMTLTLHTMCFLFGAFGLFAGDLFFLLFLGQPMLFLDLLVLKVKSLNE
BmOR67d3:		--GYLITLAVHTVCFLFGAFGLFAGDLFFLLFLGQPMLFLDLLALKVKSLNE
BdOR67d4:		--GYLLTTALHSLCFLAGCFGLFGGDLFFLIYLGQPELFRDILILKVHELNE
BmOR67d4:		--GYLLTTAVHTVVFLAGAFGLFAGDLFFLIYLGQPELFRDILILKIKELNE
BdOR67d5:		--GYWVNNAFSVICVFIGCFGLYAGDVYLIIFLTHSMFFYDILALKINDLHK
BdOR69a1:		--KSFASFTLAYVCQVQSSLTGVAFIMAAEFMLCFFTTQLQIHFDYLANALE
BdOR69a2:		--GFMAAFLTQAIAEYVCIVFIVCSENLFCFFTTQMLMHFNYLSSALSALDA
BmOR69a2:		--GFMFSFLIQASAEYTSTIFIVSGEFLLCFFTTQMLMHYNYLSSALNALDA
BdOR74a1:		--PRYLVFLTMSMWTGFAVVGPLVAEANILAMQILHLNGRYSLLLEDLRNIS
BdOR74a2:		--PIYVAIVLSNIWVGFTVITMVSGEDNVLSEVMLHLNGRFLLLQQKLRHDA
BdOR82a:		--GYEFAYIYTVFITIVVVMHATSVDGLFVSFTTNLRGHFQALQYFIETNTF
BmOR82a:		--GYQFAYVYTIFITIMVVMHAASVDGLFVLFTTNLRGHFVALQYFIETNTF
BdOR83a1:		--VYEFIYFLQTVGQLQIAAAFGCTSAFYVLIAVIFSGQFDILNCSLKNILA
BdOR83a2:		--VYEIAYFFQTIALVQFSTLFMVGSAYFLSLCYLLSGQFDILYCSLKNIVA
BdOR85c1:		--TFYLYYTLQSIAGYHSASGQIASDLVLCAMATQIIMHYEYVAQRITEYQP
BdOR85c2:		--TYYVIYVTQGFAGFHATCAQIAYDLLLCILSIQLIMHYDHISRSLEGYQT
BdOR85d1:		--RYYPMYLTQIAAGQACLSGQLANDLLLSAVAVQLIMHYRQLARRIELHVA	
BdOR85d2:		--LYYPLYVSQVCASLTGLGGYLASDLLFCAATVQLIIHFRKLARDIEAYQA
BmOR85d2:		--LYYPLYVSQALAGHEALAAYLASDLLLCAAMVQLIMHFRKLARDIQAYQA	
BdOR85e:		--VYELVYALQFTAQIIMGATFGNGSALYVSLVILMCGQFDVLYCSLKNLSY
BdOR88a:		--TYPYIYVYELFLATAASHMLVVWDQIFVILISQLCMYYEYLGKLLAEMNV
BmOR88a:		--TYPYIYIYEVILASAAVNMIVTWDEVFVVLISQLCMYYEYLGKLLEEMKV
BdOR92a:		--VYIVYLLFACFCSFCAGLIILSADLCLFSSVSQLMLHLDLLAQRIKELQP
BmOR92a:		--VYIVYFLFECFCSFCAGLIILSADLCLFSSVSQLMLHLDLLAQRMHELQP
BdOR94a1:		--GYWYAYCYELLAMPITCLSNCAFDMIQCYMLLQLSLCFKVISGRLERMGA
BdOR94a2:		--YFWGIYCYECIAMPFTCLCNITIDLFQAYLLLHLTLCFRVISMRLERLED
BdOR94a3:		--YFWGIYCYECIAMPFTCLCNIAIDLFQAYLLLHLTLCFRVISMRLERLED	
BdOR94a4:		--NAWPLFLYEDVVVPFSCLCNTQIELFLCYLMFHFTLCLRMIGMRMERLGD
BdOR94b1:		--RYWYAWTYNTIASLMTATANAMLDLVNCYFMFHLSLLYKLIGWRLSALRR	
BmOR94b1:		--KYWYAYTYSCVGIILTCIANITLDMIFCYFMFHLSLLYKLIGWRLAALRR
BdOR94b2:		--PFGIQLAYMGMSVLVFALQIVAIDYLNVTMINQIRFQLKILNLAFEELKL
BmOR94b2:		--PLGTQLAYMGISVLVFALQIVAIDYLNVTMINQIRFQLKILNLAFEELKL
BmOR94ab:		--NYWYAYGYEVIAMSLTCISNVTMDMILCYYLFHVALLYKLIGMRLMALQQ